Workbook

Sheet Dashboard
C1: Dashboard
B4: Key figures portfolio | E4: Total ECL per branche | H4: Total ECL per rating
B5: Total portfolio ECL: | C5: {='Credit_Portfolio'!T4} -> 59433665 | E5: Tech: | F5: {=SUMIF('Credit_Portfolio'!D4:D84,'Credit_Portfolio'!$X$4,'Credit_Portfolio'!R4:R84)} -> 12685257 | H5: A: | I5: {=SUMIF('Credit_Portfolio'!C4:C84,'Credit_Portfolio'!$W$4,'Credit_Portfolio'!R4:R84)} -> 3975860.6
B6: Total exposure: | C6: {=SUM('Credit_Portfolio'!E4:E84)} -> 1470169000 | E6: Energy: | F6: {=SUMIF('Credit_Portfolio'!D4:D84,'Credit_Portfolio'!$X$5,'Credit_Portfolio'!R4:R84)} -> 20650336 | H6: BBB: | I6: {=SUMIF('Credit_Portfolio'!C4:C84,'Credit_Portfolio'!W5,'Credit_Portfolio'!R4:R84)} -> 7990574
B7: ECL/exposure (%): | C7: {=C5/C6} -> 0.040426417 | E7: Retail: | F7: {=SUMIF('Credit_Portfolio'!D4:D84,'Credit_Portfolio'!$X$6,'Credit_Portfolio'!R4:R84)} -> 26098071 | H7: BB: | I7: {=SUMIF('Credit_Portfolio'!C4:C84,'Credit_Portfolio'!W6,'Credit_Portfolio'!R4:R84)} -> 15272949
B8: Average PD: | C8: {=AVERAGE('Credit_Portfolio'!I4:I84)} -> 0.029583333 | H8: B: | I8: {=SUMIF('Credit_Portfolio'!C4:C84,'Credit_Portfolio'!W7,'Credit_Portfolio'!R4:R84)} -> 32194281

Sheet Credit_Portfolio
B3: Loan ID | C3: Rating | D3: Branche | E3: EAD | F3: Runtime (years) | G3: Stage | H3: LGD(%) | I3: PD | J3: Lifetime_PD | K3: ECL_base | L3: PD_downside | M3: Liftime_PD_downside | N3: ECL_downside | O3: PD_severe | P3: Liftime_PD_severe | Q3: ECL_severe | R3: ECL_final | T3: Total ECL | W3: possible ratings | X3: possible branches
B4: L1 | C4: {=INDEX($W$4:$W$7,RANDBETWEEN(1,4))} -> BB | D4: {=INDEX($X$4:$X$6,RANDBETWEEN(1,3))} -> Tech | E4: {=MROUND(RANDBETWEEN(5000,50000000),1000)} -> 2834000 | F4: {=RANDBETWEEN(1,6)} -> 5 | G4: {=IF(OR(,C3="A",C3="BBB"),1,2)} -> 2 | H4: {=_xlfn.XLOOKUP(D4,'R_P'!$E$2:$E$4,'R_P'!$G$2:$G$4)} -> 0.3 | I4: {=_xlfn.XLOOKUP(C4,'R_P'!$B$2:$B$5,'R_P'!$C$2:$C$5)} -> 0.04 | J4: {=1-(1-I4)^F4} -> 0.1846273 | K4: {=IF(G4=1,I4*H4*E4,J4*H4*E4)} -> 156970.13 | L4: {=I4*'R_P'!$J$3} -> 0.06 | M4: {=1-(1-L4)^F4} -> 0.26609598 | N4: {=IF(G4=1,L4*H4*E4,M4*H4*E4)} -> 226234.8 | O4: {=L4*'R_P'!$J$4} -> 0.132 | P4: {=1-(1-O4)^F4} -> 0.50728178 | Q4: {=IF(G4=1,O4*E4*H4,P4*E4*H4)} -> 431290.97 | R4: {=K4*'R_P'!$K$2+N4*'R_P'!$K$3+Q4*'R_P'!$K$4} -> 205181.62 | T4: {=SUM(R4:R84)} -> 59433665 | W4: A | X4: Tech
B5: L2 | C5: {=INDEX($W$4:$W$7,RANDBETWEEN(1,4))} -> BBB | D5: {=INDEX($X$4:$X$6,RANDBETWEEN(1,3))} -> Energy | E5: {=MROUND(RANDBETWEEN(5000,50000000),1000)} -> 5214000 | F5: {=RANDBETWEEN(1,6)} -> 3 | G5: {=IF(OR(,C4="A",C4="BBB"),1,2)} -> 2 | H5: {=_xlfn.XLOOKUP(D5,'R_P'!$E$2:$E$4,'R_P'!$G$2:$G$4)} -> 0.5 | I5: {=_xlfn.XLOOKUP(C5,'R_P'!$B$2:$B$5,'R_P'!$C$2:$C$5)} -> 0.015 | J5: {=1-(1-I5)^F5} -> 0.044328375 | K5: {=IF(G5=1,I5*H5*E5,J5*H5*E5)} -> 115564.07 | L5: {=I5*'R_P'!$J$3} -> 0.0225 | M5: {=1-(1-L5)^F5} -> 0.065992641 | N5: {=IF(G5=1,L5*H5*E5,M5*H5*E5)} -> 172042.81 | O5: {=L5*'R_P'!$J$4} -> 0.0495 | P5: {=1-(1-O5)^F5} -> 0.14127054 | Q5: {=IF(G5=1,O5*E5*H5,P5*E5*H5)} -> 368292.29 | R5: {=K5*'R_P'!$K$2+N5*'R_P'!$K$3+Q5*'R_P'!$K$4} -> 157780.52 | W5: BBB | X5: Energy
B6: L3 | C6: {=INDEX($W$4:$W$7,RANDBETWEEN(1,4))} -> A | D6: {=INDEX($X$4:$X$6,RANDBETWEEN(1,3))} -> Retail | E6: {=MROUND(RANDBETWEEN(5000,50000000),1000)} -> 17414000 | F6: {=RANDBETWEEN(1,6)} -> 5 | G6: {=IF(OR(,C5="A",C5="BBB"),1,2)} -> 1 | H6: {=_xlfn.XLOOKUP(D6,'R_P'!$E$2:$E$4,'R_P'!$G$2:$G$4)} -> 1 | I6: {=_xlfn.XLOOKUP(C6,'R_P'!$B$2:$B$5,'R_P'!$C$2:$C$5)} -> 0.005 | J6: {=1-(1-I6)^F6} -> 0.024751247 | K6: {=IF(G6=1,I6*H6*E6,J6*H6*E6)} -> 87070 | L6: {=I6*'R_P'!$J$3} -> 0.0075 | M6: {=1-(1-L6)^F6} -> 0.036941703 | N6: {=IF(G6=1,L6*H6*E6,M6*H6*E6)} -> 130605 | O6: {=L6*'R_P'!$J$4} -> 0.0165 | P6: {=1-(1-O6)^F6} -> 0.079822052 | Q6: {=IF(G6=1,O6*E6*H6,P6*E6*H6)} -> 287331 | R6: {=K6*'R_P'!$K$2+N6*'R_P'!$K$3+Q6*'R_P'!$K$4} -> 120156.6 | W6: BB | X6: Retail
B7: L4 | C7: {=INDEX($W$4:$W$7,RANDBETWEEN(1,4))} -> BB | D7: {=INDEX($X$4:$X$6,RANDBETWEEN(1,3))} -> Tech | E7: {=MROUND(RANDBETWEEN(5000,50000000),1000)} -> 26676000 | F7: {=RANDBETWEEN(1,6)} -> 3 | G7: {=IF(OR(,C6="A",C6="BBB"),1,2)} -> 1 | H7: {=_xlfn.XLOOKUP(D7,'R_P'!$E$2:$E$4,'R_P'!$G$2:$G$4)} -> 0.3 | I7: {=_xlfn.XLOOKUP(C7,'R_P'!$B$2:$B$5,'R_P'!$C$2:$C$5)} -> 0.04 | J7: {=1-(1-I7)^F7} -> 0.115264 | K7: {=IF(G7=1,I7*H7*E7,J7*H7*E7)} -> 320112 | L7: {=I7*'R_P'!$J$3} -> 0.06 | M7: {=1-(1-L7)^F7} -> 0.169416 | N7: {=IF(G7=1,L7*H7*E7,M7*H7*E7)} -> 480168 | O7: {=L7*'R_P'!$J$4} -> 0.132 | P7: {=1-(1-O7)^F7} -> 0.34602797 | Q7: {=IF(G7=1,O7*E7*H7,P7*E7*H7)} -> 1056369.6 | R7: {=K7*'R_P'!$K$2+N7*'R_P'!$K$3+Q7*'R_P'!$K$4} -> 441754.56 | W7: B
B8: L5 | C8: {=INDEX($W$4:$W$7,RANDBETWEEN(1,4))} -> BB | D8: {=INDEX($X$4:$X$6,RANDBETWEEN(1,3))} -> Energy | E8: {=MROUND(RANDBETWEEN(5000,50000000),1000)} -> 42255000 | F8: {=RANDBETWEEN(1,6)} -> 3 | G8: {=IF(OR(,C7="A",C7="BBB"),1,2)} -> 2 | H8: {=_xlfn.XLOOKUP(D8,'R_P'!$E$2:$E$4,'R_P'!$G$2:$G$4)} -> 0.5 | I8: {=_xlfn.XLOOKUP(C8,'R_P'!$B$2:$B$5,'R_P'!$C$2:$C$5)} -> 0.04 | J8: {=1-(1-I8)^F8} -> 0.115264 | K8: {=IF(G8=1,I8*H8*E8,J8*H8*E8)} -> 2435240.2 | L8: {=I8*'R_P'!$J$3} -> 0.06 | M8: {=1-(1-L8)^F8} -> 0.169416 | N8: {=IF(G8=1,L8*H8*E8,M8*H8*E8)} -> 3579336.5 | O8: {=L8*'R_P'!$J$4} -> 0.132 | P8: {=1-(1-O8)^F8} -> 0.34602797 | Q8: {=IF(G8=1,O8*E8*H8,P8*E8*H8)} -> 7310705.9 | R8: {=K8*'R_P'!$K$2+N8*'R_P'!$K$3+Q8*'R_P'!$K$4} -> 3266015.6
B9: L6 | C9: {=INDEX($W$4:$W$7,RANDBETWEEN(1,4))} -> BBB | D9: {=INDEX($X$4:$X$6,RANDBETWEEN(1,3))} -> Retail | E9: {=MROUND(RANDBETWEEN(5000,50000000),1000)} -> 17622000 | F9: {=RANDBETWEEN(1,6)} -> 1 | G9: {=IF(OR(,C8="A",C8="BBB"),1,2)} -> 2 | H9: {=_xlfn.XLOOKUP(D9,'R_P'!$E$2:$E$4,'R_P'!$G$2:$G$4)} -> 1 | I9: {=_xlfn.XLOOKUP(C9,'R_P'!$B$2:$B$5,'R_P'!$C$2:$C$5)} -> 0.015 | J9: {=1-(1-I9)^F9} -> 0.015 | K9: {=IF(G9=1,I9*H9*E9,J9*H9*E9)} -> 264330 | L9: {=I9*'R_P'!$J$3} -> 0.0225 | M9: {=1-(1-L9)^F9} -> 0.0225 | N9: {=IF(G9=1,L9*H9*E9,M9*H9*E9)} -> 396495 | O9: {=L9*'R_P'!$J$4} -> 0.0495 | P9: {=1-(1-O9)^F9} -> 0.0495 | Q9: {=IF(G9=1,O9*E9*H9,P9*E9*H9)} -> 872289 | R9: {=K9*'R_P'!$K$2+N9*'R_P'!$K$3+Q9*'R_P'!$K$4} -> 364775.4
B10: L7 | C10: {=INDEX($W$4:$W$7,RANDBETWEEN(1,4))} -> B | D10: {=INDEX($X$4:$X$6,RANDBETWEEN(1,3))} -> Tech | E10: {=MROUND(RANDBETWEEN(5000,50000000),1000)} -> 47113000 | F10: {=RANDBETWEEN(1,6)} -> 2 | G10: {=IF(OR(,C9="A",C9="BBB"),1,2)} -> 1 | H10: {=_xlfn.XLOOKUP(D10,'R_P'!$E$2:$E$4,'R_P'!$G$2:$G$4)} -> 0.3 | I10: {=_xlfn.XLOOKUP(C10,'R_P'!$B$2:$B$5,'R_P'!$C$2:$C$5)} -> 0.08 | J10: {=1-(1-I10)^F10} -> 0.1536 | K10: {=IF(G10=1,I10*H10*E10,J10*H10*E10)} -> 1130712 | L10: {=I10*'R_P'!$J$3} -> 0.12 | M10: {=1-(1-L10)^F10} -> 0.2256 | N10: {=IF(G10=1,L10*H10*E10,M10*H10*E10)} -> 1696068 | O10: {=L10*'R_P'!$J$4} -> 0.264 | P10: {=1-(1-O10)^F10} -> 0.458304 | Q10: {=IF(G10=1,O10*E10*H10,P10*E10*H10)} -> 3731349.6 | R10: {=K10*'R_P'!$K$2+N10*'R_P'!$K$3+Q10*'R_P'!$K$4} -> 1560382.6
B11: L8 | C11: {=INDEX($W$4:$W$7,RANDBETWEEN(1,4))} -> BBB | D11: {=INDEX($X$4:$X$6,RANDBETWEEN(1,3))} -> Retail | E11: {=MROUND(RANDBETWEEN(5000,50000000),1000)} -> 32546000 | F11: {=RANDBETWEEN(1,6)} -> 1 | G11: {=IF(OR(,C10="A",C10="BBB"),1,2)} -> 2 | H11: {=_xlfn.XLOOKUP(D11,'R_P'!$E$2:$E$4,'R_P'!$G$2:$G$4)} -> 1 | I11: {=_xlfn.XLOOKUP(C11,'R_P'!$B$2:$B$5,'R_P'!$C$2:$C$5)} -> 0.015 | J11: {=1-(1-I11)^F11} -> 0.015 | K11: {=IF(G11=1,I11*H11*E11,J11*H11*E11)} -> 488190 | L11: {=I11*'R_P'!$J$3} -> 0.0225 | M11: {=1-(1-L11)^F11} -> 0.0225 | N11: {=IF(G11=1,L11*H11*E11,M11*H11*E11)} -> 732285 | O11: {=L11*'R_P'!$J$4} -> 0.0495 | P11: {=1-(1-O11)^F11} -> 0.0495 | Q11: {=IF(G11=1,O11*E11*H11,P11*E11*H11)} -> 1611027 | R11: {=K11*'R_P'!$K$2+N11*'R_P'!$K$3+Q11*'R_P'!$K$4} -> 673702.2
B12: L9 | C12: {=INDEX($W$4:$W$7,RANDBETWEEN(1,4))} -> BB | D12: {=INDEX($X$4:$X$6,RANDBETWEEN(1,3))} -> Retail | E12: {=MROUND(RANDBETWEEN(5000,50000000),1000)} -> 4149000 | F12: {=RANDBETWEEN(1,6)} -> 6 | G12: {=IF(OR(,C11="A",C11="BBB"),1,2)} -> 1 | H12: {=_xlfn.XLOOKUP(D12,'R_P'!$E$2:$E$4,'R_P'!$G$2:$G$4)} -> 1 | I12: {=_xlfn.XLOOKUP(C12,'R_P'!$B$2:$B$5,'R_P'!$C$2:$C$5)} -> 0.04 | J12: {=1-(1-I12)^F12} -> 0.21724221 | K12: {=IF(G12=1,I12*H12*E12,J12*H12*E12)} -> 165960 | L12: {=I12*'R_P'!$J$3} -> 0.06 | M12: {=1-(1-L12)^F12} -> 0.31013022 | N12: {=IF(G12=1,L12*H12*E12,M12*H12*E12)} -> 248940 | O12: {=L12*'R_P'!$J$4} -> 0.132 | P12: {=1-(1-O12)^F12} -> 0.57232058 | Q12: {=IF(G12=1,O12*E12*H12,P12*E12*H12)} -> 547668 | R12: {=K12*'R_P'!$K$2+N12*'R_P'!$K$3+Q12*'R_P'!$K$4} -> 229024.8
B13: L10 | C13: {=INDEX($W$4:$W$7,RANDBETWEEN(1,4))} -> BB | D13: {=INDEX($X$4:$X$6,RANDBETWEEN(1,3))} -> Energy | E13: {=MROUND(RANDBETWEEN(5000,50000000),1000)} -> 25855000 | F13: {=RANDBETWEEN(1,6)} -> 2 | G13: {=IF(OR(,C12="A",C12="BBB"),1,2)} -> 2 | H13: {=_xlfn.XLOOKUP(D13,'R_P'!$E$2:$E$4,'R_P'!$G$2:$G$4)} -> 0.5 | I13: {=_xlfn.XLOOKUP(C13,'R_P'!$B$2:$B$5,'R_P'!$C$2:$C$5)} -> 0.04 | J13: {=1-(1-I13)^F13} -> 0.0784 | K13: {=IF(G13=1,I13*H13*E13,J13*H13*E13)} -> 1013516 | L13: {=I13*'R_P'!$J$3} -> 0.06 | M13: {=1-(1-L13)^F13} -> 0.1164 | N13: {=IF(G13=1,L13*H13*E13,M13*H13*E13)} -> 1504761 | O13: {=L13*'R_P'!$J$4} -> 0.132 | P13: {=1-(1-O13)^F13} -> 0.246576 | Q13: {=IF(G13=1,O13*E13*H13,P13*E13*H13)} -> 3187611.2 | R13: {=K13*'R_P'!$K$2+N13*'R_P'!$K$3+Q13*'R_P'!$K$4} -> 1378299
B14: L11 | C14: {=INDEX($W$4:$W$7,RANDBETWEEN(1,4))} -> A | D14: {=INDEX($X$4:$X$6,RANDBETWEEN(1,3))} -> Retail | E14: {=MROUND(RANDBETWEEN(5000,50000000),1000)} -> 29664000 | F14: {=RANDBETWEEN(1,6)} -> 5 | G14: {=IF(OR(,C13="A",C13="BBB"),1,2)} -> 2 | H14: {=_xlfn.XLOOKUP(D14,'R_P'!$E$2:$E$4,'R_P'!$G$2:$G$4)} -> 1 | I14: {=_xlfn.XLOOKUP(C14,'R_P'!$B$2:$B$5,'R_P'!$C$2:$C$5)} -> 0.005 | J14: {=1-(1-I14)^F14} -> 0.024751247 | K14: {=IF(G14=1,I14*H14*E14,J14*H14*E14)} -> 734220.99 | L14: {=I14*'R_P'!$J$3} -> 0.0075 | M14: {=1-(1-L14)^F14} -> 0.036941703 | N14: {=IF(G14=1,L14*H14*E14,M14*H14*E14)} -> 1095838.7 | O14: {=L14*'R_P'!$J$4} -> 0.0165 | P14: {=1-(1-O14)^F14} -> 0.079822052 | Q14: {=IF(G14=1,O14*E14*H14,P14*E14*H14)} -> 2367841.3 | R14: {=K14*'R_P'!$K$2+N14*'R_P'!$K$3+Q14*'R_P'!$K$4} -> 1006068.3
B15: L12 | C15: {=INDEX($W$4:$W$7,RANDBETWEEN(1,4))} -> BB | D15: {=INDEX($X$4:$X$6,RANDBETWEEN(1,3))} -> Retail | E15: {=MROUND(RANDBETWEEN(5000,50000000),1000)} -> 20766000 | F15: {=RANDBETWEEN(1,6)} -> 2 | G15: {=IF(OR(,C14="A",C14="BBB"),1,2)} -> 1 | H15: {=_xlfn.XLOOKUP(D15,'R_P'!$E$2:$E$4,'R_P'!$G$2:$G$4)} -> 1 | I15: {=_xlfn.XLOOKUP(C15,'R_P'!$B$2:$B$5,'R_P'!$C$2:$C$5)} -> 0.04 | J15: {=1-(1-I15)^F15} -> 0.0784 | K15: {=IF(G15=1,I15*H15*E15,J15*H15*E15)} -> 830640 | L15: {=I15*'R_P'!$J$3} -> 0.06 | M15: {=1-(1-L15)^F15} -> 0.1164 | N15: {=IF(G15=1,L15*H15*E15,M15*H15*E15)} -> 1245960 | O15: {=L15*'R_P'!$J$4} -> 0.132 | P15: {=1-(1-O15)^F15} -> 0.246576 | Q15: {=IF(G15=1,O15*E15*H15,P15*E15*H15)} -> 2741112 | R15: {=K15*'R_P'!$K$2+N15*'R_P'!$K$3+Q15*'R_P'!$K$4} -> 1146283.2
B16: L13 | C16: {=INDEX($W$4:$W$7,RANDBETWEEN(1,4))} -> BB | D16: {=INDEX($X$4:$X$6,RANDBETWEEN(1,3))} -> Tech | E16: {=MROUND(RANDBETWEEN(5000,50000000),1000)} -> 10674000 | F16: {=RANDBETWEEN(1,6)} -> 3 | G16: {=IF(OR(,C15="A",C15="BBB"),1,2)} -> 2 | H16: {=_xlfn.XLOOKUP(D16,'R_P'!$E$2:$E$4,'R_P'!$G$2:$G$4)} -> 0.3 | I16: {=_xlfn.XLOOKUP(C16,'R_P'!$B$2:$B$5,'R_P'!$C$2:$C$5)} -> 0.04 | J16: {=1-(1-I16)^F16} -> 0.115264 | K16: {=IF(G16=1,I16*H16*E16,J16*H16*E16)} -> 369098.38 | L16: {=I16*'R_P'!$J$3} -> 0.06 | M16: {=1-(1-L16)^F16} -> 0.169416 | N16: {=IF(G16=1,L16*H16*E16,M16*H16*E16)} -> 542503.92 | O16: {=L16*'R_P'!$J$4} -> 0.132 | P16: {=1-(1-O16)^F16} -> 0.34602797 | Q16: {=IF(G16=1,O16*E16*H16,P16*E16*H16)} -> 1108050.8 | R16: {=K16*'R_P'!$K$2+N16*'R_P'!$K$3+Q16*'R_P'!$K$4} -> 495015.28
B17: L14 | C17: {=INDEX($W$4:$W$7,RANDBETWEEN(1,4))} -> A | D17: {=INDEX($X$4:$X$6,RANDBETWEEN(1,3))} -> Tech | E17: {=MROUND(RANDBETWEEN(5000,50000000),1000)} -> 32554000 | F17: {=RANDBETWEEN(1,6)} -> 5 | G17: {=IF(OR(,C16="A",C16="BBB"),1,2)} -> 2 | H17: {=_xlfn.XLOOKUP(D17,'R_P'!$E$2:$E$4,'R_P'!$G$2:$G$4)} -> 0.3 | I17: {=_xlfn.XLOOKUP(C17,'R_P'!$B$2:$B$5,'R_P'!$C$2:$C$5)} -> 0.005 | J17: {=1-(1-I17)^F17} -> 0.024751247 | K17: {=IF(G17=1,I17*H17*E17,J17*H17*E17)} -> 241725.63 | L17: {=I17*'R_P'!$J$3} -> 0.0075 | M17: {=1-(1-L17)^F17} -> 0.036941703 | N17: {=IF(G17=1,L17*H17*E17,M17*H17*E17)} -> 360780.06 | O17: {=L17*'R_P'!$J$4} -> 0.0165 | P17: {=1-(1-O17)^F17} -> 0.079822052 | Q17: {=IF(G17=1,O17*E17*H17,P17*E17*H17)} -> 779558.12 | R17: {=K17*'R_P'!$K$2+N17*'R_P'!$K$3+Q17*'R_P'!$K$4} -> 331225.21
B18: L15 | C18: {=INDEX($W$4:$W$7,RANDBETWEEN(1,4))} -> A | D18: {=INDEX($X$4:$X$6,RANDBETWEEN(1,3))} -> Tech | E18: {=MROUND(RANDBETWEEN(5000,50000000),1000)} -> 40936000 | F18: {=RANDBETWEEN(1,6)} -> 4 | G18: {=IF(OR(,C17="A",C17="BBB"),1,2)} -> 1 | H18: {=_xlfn.XLOOKUP(D18,'R_P'!$E$2:$E$4,'R_P'!$G$2:$G$4)} -> 0.3 | I18: {=_xlfn.XLOOKUP(C18,'R_P'!$B$2:$B$5,'R_P'!$C$2:$C$5)} -> 0.005 | J18: {=1-(1-I18)^F18} -> 0.019850499 | K18: {=IF(G18=1,I18*H18*E18,J18*H18*E18)} -> 61404 | L18: {=I18*'R_P'!$J$3} -> 0.0075 | M18: {=1-(1-L18)^F18} -> 0.029664184 | N18: {=IF(G18=1,L18*H18*E18,M18*H18*E18)} -> 92106 | O18: {=L18*'R_P'!$J$4} -> 0.0165 | P18: {=1-(1-O18)^F18} -> 0.064384394 | Q18: {=IF(G18=1,O18*E18*H18,P18*E18*H18)} -> 202633.2 | R18: {=K18*'R_P'!$K$2+N18*'R_P'!$K$3+Q18*'R_P'!$K$4} -> 84737.52
B19: L16 | C19: {=INDEX($W$4:$W$7,RANDBETWEEN(1,4))} -> BB | D19: {=INDEX($X$4:$X$6,RANDBETWEEN(1,3))} -> Retail | E19: {=MROUND(RANDBETWEEN(5000,50000000),1000)} -> 30668000 | F19: {=RANDBETWEEN(1,6)} -> 1 | G19: {=IF(OR(,C18="A",C18="BBB"),1,2)} -> 1 | H19: {=_xlfn.XLOOKUP(D19,'R_P'!$E$2:$E$4,'R_P'!$G$2:$G$4)} -> 1 | I19: {=_xlfn.XLOOKUP(C19,'R_P'!$B$2:$B$5,'R_P'!$C$2:$C$5)} -> 0.04 | J19: {=1-(1-I19)^F19} -> 0.04 | K19: {=IF(G19=1,I19*H19*E19,J19*H19*E19)} -> 1226720 | L19: {=I19*'R_P'!$J$3} -> 0.06 | M19: {=1-(1-L19)^F19} -> 0.06 | N19: {=IF(G19=1,L19*H19*E19,M19*H19*E19)} -> 1840080 | O19: {=L19*'R_P'!$J$4} -> 0.132 | P19: {=1-(1-O19)^F19} -> 0.132 | Q19: {=IF(G19=1,O19*E19*H19,P19*E19*H19)} -> 4048176 | R19: {=K19*'R_P'!$K$2+N19*'R_P'!$K$3+Q19*'R_P'!$K$4} -> 1692873.6
... B63: L60 | C63: {=INDEX($W$4:$W$7,RANDBETWEEN(1,4))} -> BB | D63: {=INDEX($X$4:$X$6,RANDBETWEEN(1,3))} -> Retail | E63: {=MROUND(RANDBETWEEN(5000,50000000),1000)} -> 6320000 | F63: {=RANDBETWEEN(1,6)} -> 3 | G63: {=IF(OR(,C62="A",C62="BBB"),1,2)} -> 1 | H63: {=_xlfn.XLOOKUP(D63,'R_P'!$E$2:$E$4,'R_P'!$G$2:$G$4)} -> 1 | I63: {=_xlfn.XLOOKUP(C63,'R_P'!$B$2:$B$5,'R_P'!$C$2:$C$5)} -> 0.04 | J63: {=1-(1-I63)^F63} -> 0.115264 | K63: {=IF(G63=1,I63*H63*E63,J63*H63*E63)} -> 252800 | L63: {=I63*'R_P'!$J$3} -> 0.06 | M63: {=1-(1-L63)^F63} -> 0.169416 | N63: {=IF(G63=1,L63*H63*E63,M63*H63*E63)} -> 379200 | O63: {=L63*'R_P'!$J$4} -> 0.132 | P63: {=1-(1-O63)^F63} -> 0.34602797 | Q63: {=IF(G63=1,O63*E63*H63,P63*E63*H63)} -> 834240 | R63: {=K63*'R_P'!$K$2+N63*'R_P'!$K$3+Q63*'R_P'!$K$4} -> 348864

Sheet R_P
B1: Rating | C1: 1_Year_PD | E1: Branche | F1: Recovery_Rate | G1: LGD(%) | I1: Scenario | J1: PD_Factor | K1: Probability
B2: A | C2: 0.005 | E2: Tech | F2: 0.7 | G2: {=1-$F2} -> 0.3 | I2: Base | J2: 1 | K2: 0.6
B3: BBB | C3: 0.015 | E3: Energy | F3: 0.5 | G3: {=1-$F3} -> 0.5 | I3: Downside | J3: 1.5 | K3: 0.3
B4: BB | C4: 0.04 | E4: Retail | F4: 0 | G4: {=1-$F4} -> 1 | I4: Severe | J4: 2.2 | K4: 0.1
B5: B | C5: 0.08
